{
    "TP-base": 10125,
    "TP-comp": 10125,
    "FP": 9435,
    "FN": 1468,
    "precision": 0.5176380368098159,
    "recall": 0.8733718623307168,
    "f1": 0.6500176548005008,
    "base cnt": 11593,
    "comp cnt": 19560,
    "TP-comp_TP-gt": 9232,
    "TP-comp_FP-gt": 893,
    "TP-base_TP-gt": 9232,
    "TP-base_FP-gt": 893,
    "gt_concordance": 0.9118024691358024,
    "gt_matrix": {
        "(1, 1)": {
            "(1, 1)": 4479,
            "(0, 1)": 318
        },
        "(0, 1)": {
            "(1, 1)": 575,
            "(0, 1)": 4753
        }
    },
    "weighted": {
        "sequence": {
            "TP": 0.0,
            "FP": 19560.0,
            "FN": 11526.0,
            "precision": 0.0,
            "recall": 0.0,
            "f1": null,
            "total": 20389
        },
        "size": {
            "TP": 10024.740703415824,
            "FP": 9538.709596647881,
            "FN": 1651.9180961877573,
            "precision": 0.512421916873384,
            "recall": 0.8585281864839761,
            "f1": 0.6417865361118467,
            "total": 20389
        }
    }
}