{
    "TP-base": 10991,
    "TP-comp": 10991,
    "FP": 17686,
    "FN": 1685,
    "precision": 0.38326882170380444,
    "recall": 0.867071631429473,
    "f1": 0.5315696563731773,
    "base cnt": 12676,
    "comp cnt": 28677,
    "TP-comp_TP-gt": 10008,
    "TP-comp_FP-gt": 983,
    "TP-base_TP-gt": 10008,
    "TP-base_FP-gt": 983,
    "gt_concordance": 0.9105631880629605,
    "gt_matrix": {
        "(1, 1)": {
            "(1, 1)": 4846,
            "(0, 1)": 346
        },
        "(0, 1)": {
            "(1, 1)": 637,
            "(0, 1)": 5162
        }
    },
    "weighted": {
        "sequence": {
            "TP": 0.0,
            "FP": 28677.0,
            "FN": 12602.0,
            "precision": 0.0,
            "recall": 0.0,
            "f1": null,
            "total": 29603
        },
        "size": {
            "TP": 10915.07160414895,
            "FP": 17766.185195932398,
            "FN": 1860.1257953939494,
            "precision": 0.38056462031043187,
            "recall": 0.8543955340008675,
            "f1": 0.5265800857733695,
            "total": 29603
        }
    }
}