{
    "TP-base": 11027,
    "TP-comp": 11027,
    "FP": 16212,
    "FN": 1649,
    "precision": 0.40482396563750506,
    "recall": 0.8699116440517514,
    "f1": 0.5525241137417012,
    "base cnt": 12676,
    "comp cnt": 27239,
    "TP-comp_TP-gt": 10038,
    "TP-comp_FP-gt": 989,
    "TP-base_TP-gt": 10038,
    "TP-base_FP-gt": 989,
    "gt_concordance": 0.9103110546839576,
    "gt_matrix": {
        "(1, 1)": {
            "(1, 1)": 4857,
            "(0, 1)": 347
        },
        "(0, 1)": {
            "(1, 1)": 642,
            "(0, 1)": 5181
        }
    },
    "weighted": {
        "sequence": {
            "TP": 0.0,
            "FP": 27239.0,
            "FN": 12296.0,
            "precision": 0.0,
            "recall": 0.0,
            "f1": null,
            "total": 27871
        },
        "size": {
            "TP": 10911.840604183963,
            "FP": 16330.897595891962,
            "FN": 1545.7162953759544,
            "precision": 0.40054125705152327,
            "recall": 0.8759213939106665,
            "f1": 0.549710805765978,
            "total": 27871
        }
    }
}